,accuracy,precision,recall,f1
adam,0.9798,0.9943859649122807,0.9708804385063378,0.9824926330386549
nadam,0.9792,0.9936864258155034,0.9705378554299418,0.9819757365684576
adagrad,0.9676,0.9917945058865502,0.9523809523809523,0.9716882209017825
rmsprop,0.9844,0.9923743500866551,0.9808153477218226,0.9865609924190213
sgd,0.9312,0.9590017825311943,0.92154847550531,0.9399021663172606
