,accuracy,precision,recall,f1
adam,0.9724,0.9833159541188738,0.9691675231243576,0.976190476190476
nadam,0.9818,0.9923398328690808,0.9763617677286742,0.9842859609739252
adagrad,0.929,0.9369461486025903,0.9417608770126755,0.9393473432427815
rmsprop,0.9814,0.9954417952314165,0.9725933538883179,0.9838849419511351
sgd,0.9424,0.9706618962432916,0.9294278862624187,0.9495974798739937
